1,1,1,7/2/2023
2,2,2,2/10/2024
3,3,3,4/11/2023
4,4,4,10/7/2023
5,5,5,9/21/2023
6,6,6,12/22/2023
7,7,7,6/14/2023
8,8,8,4/8/2023
9,9,9,7/12/2023
10,10,10,5/22/2023
11,11,11,12/9/2023
12,12,12,1/16/2024
13,13,13,7/1/2023
14,14,14,3/15/2023
15,15,15,3/24/2023
16,16,16,4/23/2023
17,17,17,8/13/2023
18,18,18,2/18/2024
19,19,19,3/18/2023
20,20,20,8/25/2023
21,21,21,10/1/2023
22,22,22,8/20/2023
23,23,23,6/11/2023
24,24,24,11/15/2023
25,25,25,8/29/2023
26,26,26,1/12/2024
27,27,27,7/4/2023
28,28,28,7/26/2023
29,29,29,1/16/2024
30,30,30,6/6/2023
31,31,31,10/4/2023
32,32,32,3/2/2024
33,33,33,5/27/2023
34,34,34,11/9/2023
35,35,35,6/10/2023
36,36,36,8/16/2023
37,37,37,1/18/2024
38,38,38,6/27/2023
39,39,39,2/2/2024
40,40,40,2/12/2024
41,41,41,11/25/2023
42,42,42,9/26/2023
43,43,43,7/15/2023
44,44,44,6/22/2023
45,45,45,4/16/2023
46,46,46,1/5/2024
47,47,47,10/11/2023
48,48,48,11/18/2023
49,49,49,7/21/2023
50,50,50,2/20/2024
51,51,51,3/5/2024
52,52,52,3/7/2023
53,53,53,10/24/2023
54,54,54,6/9/2023
55,55,55,9/14/2023
56,56,56,4/15/2023
57,57,57,12/23/2023
58,58,58,4/17/2023
59,59,59,4/22/2023
60,60,60,5/4/2023
61,61,61,11/18/2023
62,62,62,8/9/2023
63,63,63,6/4/2023
64,64,64,4/8/2023
65,65,65,8/24/2023
66,66,66,5/2/2023
67,67,67,10/30/2023
68,68,68,1/7/2024
69,69,69,4/7/2023
70,70,70,3/18/2023
71,71,71,7/22/2023
72,72,72,10/22/2023
73,73,73,3/11/2023
74,74,74,12/7/2023
75,75,75,6/2/2023
76,76,76,8/24/2023
77,77,77,10/4/2023
78,78,78,1/19/2024
79,79,79,9/27/2023
80,80,80,5/21/2023
81,81,81,2/4/2024
82,82,82,1/7/2024
83,83,83,2/20/2024
84,84,84,2/14/2024
85,85,85,12/20/2023
86,86,86,6/10/2023
87,87,87,4/22/2023
88,88,88,11/4/2023
89,89,89,1/2/2024
90,90,90,3/28/2023
91,91,91,8/16/2023
92,92,92,1/10/2024
93,93,93,4/14/2023
94,94,94,10/1/2023
95,95,95,11/22/2023
96,96,96,12/1/2023
97,97,97,10/8/2023
98,98,98,6/25/2023
99,99,99,9/26/2023
100,100,100,8/14/2023
